Source,Target,Weight
阿部拓斗,笠原さくら,3
阿部拓斗,大谷健太郎,2
阿部拓斗,小泉悠翔,1
阿部拓斗,古賀達也,2
阿部拓斗,長谷川悠也,1
阿部拓斗,近藤みゆき,2
阿部拓斗,岩本駿,2
阿部拓斗,井上陽介,1
阿部拓斗,宮崎次郎,1
阿部拓斗,宮本悠希,2
阿部拓斗,渡辺悠翔,3
阿部拓斗,北川啓太,1
阿部拓斗,沢田健,2
阿部拓斗,小松まりな,2
笠原さくら,大谷健太郎,3
笠原さくら,小泉悠翔,3
笠原さくら,古賀達也,3
笠原さくら,長谷川悠也,3
笠原さくら,近藤みゆき,1
笠原さくら,岩本駿,2
笠原さくら,井上陽介,2
笠原さくら,宮崎次郎,3
笠原さくら,宮本悠希,2
笠原さくら,渡辺悠翔,1
笠原さくら,北川啓太,1
笠原さくら,沢田健,3
笠原さくら,小松まりな,1
大谷健太郎,小泉悠翔,1
大谷健太郎,古賀達也,2
大谷健太郎,長谷川悠也,1
大谷健太郎,近藤みゆき,3
大谷健太郎,岩本駿,1
大谷健太郎,井上陽介,1
大谷健太郎,宮崎次郎,2
大谷健太郎,宮本悠希,3
大谷健太郎,渡辺悠翔,1
大谷健太郎,北川啓太,2
大谷健太郎,沢田健,3
大谷健太郎,小松まりな,1
小泉悠翔,古賀達也,2
小泉悠翔,長谷川悠也,3
小泉悠翔,近藤みゆき,1
小泉悠翔,岩本駿,2
小泉悠翔,井上陽介,1
小泉悠翔,宮崎次郎,2
小泉悠翔,宮本悠希,2
小泉悠翔,渡辺悠翔,2
小泉悠翔,北川啓太,3
小泉悠翔,沢田健,3
小泉悠翔,小松まりな,2
古賀達也,長谷川悠也,2
古賀達也,近藤みゆき,2
古賀達也,岩本駿,1
古賀達也,井上陽介,3
古賀達也,宮崎次郎,2
古賀達也,宮本悠希,3
古賀達也,渡辺悠翔,2
古賀達也,北川啓太,3
古賀達也,沢田健,1
古賀達也,小松まりな,1
長谷川悠也,近藤みゆき,3
長谷川悠也,岩本駿,2
長谷川悠也,井上陽介,3
長谷川悠也,宮崎次郎,1
長谷川悠也,宮本悠希,3
長谷川悠也,渡辺悠翔,1
長谷川悠也,北川啓太,3
長谷川悠也,沢田健,1
長谷川悠也,小松まりな,2
近藤みゆき,岩本駿,1
近藤みゆき,井上陽介,2
近藤みゆき,宮崎次郎,2
近藤みゆき,宮本悠希,1
近藤みゆき,渡辺悠翔,3
近藤みゆき,北川啓太,3
近藤みゆき,沢田健,2
近藤みゆき,小松まりな,3
岩本駿,井上陽介,2
岩本駿,宮崎次郎,1
岩本駿,宮本悠希,3
岩本駿,渡辺悠翔,2
岩本駿,北川啓太,2
岩本駿,沢田健,3
岩本駿,小松まりな,2
井上陽介,宮崎次郎,2
井上陽介,宮本悠希,3
井上陽介,渡辺悠翔,2
井上陽介,北川啓太,3
井上陽介,沢田健,3
井上陽介,小松まりな,1
宮崎次郎,宮本悠希,2
宮崎次郎,渡辺悠翔,1
宮崎次郎,北川啓太,1
宮崎次郎,沢田健,2
宮崎次郎,小松まりな,2
宮本悠希,渡辺悠翔,1
宮本悠希,北川啓太,3
宮本悠希,沢田健,1
宮本悠希,小松まりな,1
渡辺悠翔,北川啓太,1
渡辺悠翔,沢田健,3
渡辺悠翔,小松まりな,1
北川啓太,沢田健,1
北川啓太,小松まりな,3
沢田健,小松まりな,3
近藤陽翔,松尾陽一,2
近藤陽翔,森直樹,3
近藤陽翔,富田慎吾,3
近藤陽翔,岩井翔太,2
近藤陽翔,小野駆,3
松尾陽一,森直樹,2
松尾陽一,富田慎吾,1
松尾陽一,岩井翔太,3
松尾陽一,小野駆,1
森直樹,富田慎吾,1
森直樹,岩井翔太,3
森直樹,小野駆,1
富田慎吾,岩井翔太,2
富田慎吾,小野駆,1
岩井翔太,小野駆,3
藤井大樹,加藤誠,2
藤井大樹,平田拓人,3
藤井大樹,藤井れいな,2
藤井大樹,成田陽斗,1
藤井大樹,星野和也,2
藤井大樹,高山颯太,3
藤井大樹,石井美穂,2
藤井大樹,大石翔平,3
加藤誠,平田拓人,2
加藤誠,藤井れいな,2
加藤誠,成田陽斗,1
加藤誠,星野和也,2
加藤誠,高山颯太,3
加藤誠,石井美穂,1
加藤誠,大石翔平,3
平田拓人,藤井れいな,3
平田拓人,成田陽斗,1
平田拓人,星野和也,2
平田拓人,高山颯太,1
平田拓人,石井美穂,3
平田拓人,大石翔平,3
藤井れいな,成田陽斗,1
藤井れいな,星野和也,2
藤井れいな,高山颯太,3
藤井れいな,石井美穂,2
藤井れいな,大石翔平,3
成田陽斗,星野和也,2
成田陽斗,高山颯太,1
成田陽斗,石井美穂,2
成田陽斗,大石翔平,1
星野和也,高山颯太,2
星野和也,石井美穂,1
星野和也,大石翔平,3
高山颯太,石井美穂,1
高山颯太,大石翔平,3
石井美穂,大石翔平,2
清水みさと,大谷陽大,3
清水みさと,佐野慎吾,2
清水みさと,大野翔,1
清水みさと,北川健吾,2
清水みさと,菊池みさと,2
大谷陽大,佐野慎吾,3
大谷陽大,大野翔,3
大谷陽大,北川健吾,1
大谷陽大,菊池みさと,1
佐野慎吾,大野翔,2
佐野慎吾,北川健吾,1
佐野慎吾,菊池みさと,3
大野翔,北川健吾,3
大野翔,菊池みさと,3
北川健吾,菊池みさと,2
岡田なつみ,新井健太,1
岡田なつみ,松井翔平,1
岡田なつみ,小川陽大,3
岡田なつみ,森田大地,3
新井健太,松井翔平,1
新井健太,小川陽大,1
新井健太,森田大地,1
松井翔平,小川陽大,2
松井翔平,森田大地,1
小川陽大,森田大地,1
片山健太,武田悠吾,3
片山健太,安藤大樹,3
片山健太,松田大悟,2
片山健太,加藤龍太郎,1
片山健太,久保蓮,1
片山健太,島崎ゆか,3
片山健太,岩本悠輝,3
武田悠吾,安藤大樹,1
武田悠吾,松田大悟,2
武田悠吾,加藤龍太郎,1
武田悠吾,久保蓮,3
武田悠吾,島崎ゆか,2
武田悠吾,岩本悠輝,3
安藤大樹,松田大悟,3
安藤大樹,加藤龍太郎,1
安藤大樹,久保蓮,1
安藤大樹,島崎ゆか,3
安藤大樹,岩本悠輝,1
松田大悟,加藤龍太郎,2
松田大悟,久保蓮,3
松田大悟,島崎ゆか,2
松田大悟,岩本悠輝,2
加藤龍太郎,久保蓮,1
加藤龍太郎,島崎ゆか,3
加藤龍太郎,岩本悠輝,2
久保蓮,島崎ゆか,1
久保蓮,岩本悠輝,1
島崎ゆか,岩本悠輝,2
大石颯,増田悠斗,1
大石颯,矢野雄介,3
大石颯,石田慎太郎,1
大石颯,小島慎太郎,1
増田悠斗,矢野雄介,2
増田悠斗,石田慎太郎,3
増田悠斗,小島慎太郎,2
矢野雄介,石田慎太郎,3
矢野雄介,小島慎太郎,3
石田慎太郎,小島慎太郎,3
樋口悠希,水野悠吾,3
樋口悠希,木村さくら,2
樋口悠希,若林大作,3
水野悠吾,木村さくら,2
水野悠吾,若林大作,1
木村さくら,若林大作,3
樋口真太,本田隼斗,1
樋口真太,高木瑛太,2
本田隼斗,高木瑛太,2
古賀優奈,大谷なな,2
古賀優奈,藤田陽翔,3
大谷なな,藤田陽翔,2
本田悠希,内田みさと,1
本田悠希,伊藤みゆき,2
本田悠希,竹内大河,2
内田みさと,伊藤みゆき,3
内田みさと,竹内大河,3
伊藤みゆき,竹内大河,1
宮崎慎太郎,樋口拓斗,3
宮崎慎太郎,島田千尋,2
樋口拓斗,島田千尋,3
菊池みゆき,清水拓斗,1
浜西五郎,満島渚,3
浜西五郎,清田正志,2
浜西五郎,栗原直美,2
満島渚,清田正志,2
満島渚,栗原直美,3
清田正志,栗原直美,1
長谷川悠也,松井翔平,2
長谷川悠也,小川陽大,2
長谷川悠也,北川健吾,2
長谷川悠也,清水みさと,2
樋口真太,藤田陽翔,3
樋口真太,大谷なな,3
樋口真太,大谷健太郎,2
樋口真太,阿部拓斗,2
矢野雄介,森田大地,3
矢野雄介,岡田なつみ,3
矢野雄介,樋口拓斗,2
矢野雄介,宮崎慎太郎,2
宮本悠希,木村さくら,1
宮本悠希,水野悠吾,1
宮本悠希,大谷なな,1
宮本悠希,古賀優奈,1
大野翔,小松まりな,2
大野翔,北川啓太,2
大野翔,木村さくら,2
大野翔,樋口悠希,2
新井健太,高山颯太,3
新井健太,藤井大樹,3
新井健太,北川健吾,3
新井健太,大谷陽大,3
久保蓮,樋口悠希,1
久保蓮,若林大作,1
久保蓮,樋口拓斗,2
久保蓮,島田千尋,2
岡田なつみ,栗原直美,2
岡田なつみ,清田正志,2
岡田なつみ,樋口悠希,1
岡田なつみ,若林大作,1
渡辺悠翔,栗原直美,2
渡辺悠翔,清田正志,2
渡辺悠翔,大石翔平,3
渡辺悠翔,加藤誠,3
沢田健,加藤誠,3
沢田健,石井美穂,3
沢田健,本田隼斗,2
沢田健,高木瑛太,2
松井翔平,古賀優奈,3
松井翔平,大谷なな,3
松井翔平,藤田陽翔,3
松井翔平,岩本悠輝,2
松井翔平,武田悠吾,2
松井翔平,加藤龍太郎,2
松井翔平,片山健太,2
松井翔平,松田大悟,2
松井翔平,本田悠希,2
松井翔平,伊藤みゆき,2
松井翔平,内田みさと,2
松井翔平,竹内大河,2
松井翔平,島田千尋,3
松井翔平,宮崎慎太郎,3
松井翔平,樋口拓斗,3
松井翔平,大野翔,2
松井翔平,北川健吾,2
松井翔平,大谷陽大,2
松井翔平,佐野慎吾,2
松井翔平,清水みさと,2
石井美穂,近藤陽翔,2
石井美穂,小野駆,2
石井美穂,森直樹,2
石井美穂,高木瑛太,1
石井美穂,本田隼斗,1
石井美穂,菊池みゆき,3
石井美穂,島田千尋,2
石井美穂,宮崎慎太郎,2
石井美穂,宮崎次郎,1
石井美穂,笠原さくら,1
石井美穂,北川啓太,1
石井美穂,大谷なな,1
石井美穂,岡田なつみ,3
石井美穂,小島慎太郎,3